2ed37333ded300102b24d1c9d9a105b0:3-3,6o2CTdKRj68 oIqT7GvbbRU rQ6YqnfHKAA -LEy3CGFBB4
2ed37333ded300102b24d1c9d9a105b0:14-14,cYqRG6mWWlw
2ed37333ded300102b24d1c9d9a105b0:20-20,HnWgyf99eEk 8RqztGxb2_8 jYBucknKVBQ wXcEeoK5yRc pSxXPvsOj_M TjpDXdhgwMA 0ibCT28bJZw _lE2h7ApVxw 832NxQmIzuw FchYF1b_tXU
2ed37333ded300102b24d1c9d9a105b0:22-22,cYqRG6mWWlw
2ed37333ded300102b24d1c9d9a105b0:31-31,keEpakVSU-Y
2ed37333ded300102b24d1c9d9a105b0:34-34,HrbbfJKvGQk V6g9J3RS4n0 XgXkLBIj2Kg nPcgI9E_lIA TjpDXdhgwMA sPDn-VTID60 ONi4W_nTFFY kZMe0glPVQM rhtmMKOXCEQ sna03Y6gV4w IDaehsNV_pA zYtokVIMwjw hu65xn2UsXk RoMpdTSjfUA g4pzDtk_3Gs
2ed37333ded300102b24d1c9d9a105b0:35-35,HnWgyf99eEk 8RqztGxb2_8 jYBucknKVBQ wXcEeoK5yRc pSxXPvsOj_M TjpDXdhgwMA 0ibCT28bJZw _lE2h7ApVxw 832NxQmIzuw FchYF1b_tXU
2ed37333ded300102b24d1c9d9a105b0:84-84,ICt9EVyeYmU Xzp8bUgD1lg
d205a257bf7264aa2f09466d3cc8c4f8:8-8,c6NWSG7_fy8 aW4j0fpOnZw DcuyeLmJSl4 osonyeWwyBo lvAnlwaG5rI YnjvHn3MVTA ft98lKwEil4 xDhNMX3AQu4 889-PB7t2hs H5-68PtN0dE nhlimIaxmDY Z-_kNkcxJkY
ea7aacd36a9fdbf871073d729776db86:22-22,Ac1m_4hYzfE wWBhZVgfTyk k_7MsY3ywac MH8MJhxWptA
c44d3cea6b7dd0aceff3e37e55d18f8c:3-3,6o2CTdKRj68 oIqT7GvbbRU rQ6YqnfHKAA -LEy3CGFBB4
c44d3cea6b7dd0aceff3e37e55d18f8c:41-41,6A09wL80PMQ
c44d3cea6b7dd0aceff3e37e55d18f8c:47-47,hUHvXpx-qRw gz87MBi_kjo 9qH2CC6kQ4w gvLz_M72T5U RP9Z_fWV8x0
27d3378e2f7c744a4b049bdac6e02be0:3-3,6o2CTdKRj68 oIqT7GvbbRU rQ6YqnfHKAA -LEy3CGFBB4
27d3378e2f7c744a4b049bdac6e02be0:22-22,6A09wL80PMQ
27d3378e2f7c744a4b049bdac6e02be0:29-29,AvsCTksFZRA
27d3378e2f7c744a4b049bdac6e02be0:32-32,1ZzV6Py6F0E
27d3378e2f7c744a4b049bdac6e02be0:69-69,2iB-_jnVwzA hKDGwFwQzcw
afbf96a1247a6b81607db7a042f8209c:3-3,6o2CTdKRj68 oIqT7GvbbRU rQ6YqnfHKAA -LEy3CGFBB4
afbf96a1247a6b81607db7a042f8209c:35-35,prCWFzQr7pA Ncfs5Z6YYpc ySpo8BkWnvI zu1u0D4Uq-E k_7MsY3ywac yNRDDeN3H0o ld2pRnFdkuo 832NxQmIzuw FchYF1b_tXU MH8MJhxWptA
afbf96a1247a6b81607db7a042f8209c:81-81,1LQTgxoMfNE
afbf96a1247a6b81607db7a042f8209c:85-85,prCWFzQr7pA Ncfs5Z6YYpc ySpo8BkWnvI zu1u0D4Uq-E k_7MsY3ywac yNRDDeN3H0o ld2pRnFdkuo 832NxQmIzuw FchYF1b_tXU MH8MJhxWptA
afbf96a1247a6b81607db7a042f8209c:122-122,RJwPKIIJS3E ld2pRnFdkuo qAIoSWNhK2U
afbf96a1247a6b81607db7a042f8209c:125-125,5H7lqcmSqn0 IbSPWAEtpQg ovrtA_BImKA HVT4ow-TCb0 9w9JChG9ER8 aTRqXfRDUZI gLWiACR752o osonyeWwyBo
afbf96a1247a6b81607db7a042f8209c:130-130,HVT4ow-TCb0 osonyeWwyBo
afbf96a1247a6b81607db7a042f8209c:152-152,prCWFzQr7pA Ncfs5Z6YYpc ySpo8BkWnvI zu1u0D4Uq-E k_7MsY3ywac yNRDDeN3H0o ld2pRnFdkuo 832NxQmIzuw FchYF1b_tXU MH8MJhxWptA
afbf96a1247a6b81607db7a042f8209c:187-187,prCWFzQr7pA Ncfs5Z6YYpc ySpo8BkWnvI zu1u0D4Uq-E k_7MsY3ywac yNRDDeN3H0o ld2pRnFdkuo 832NxQmIzuw FchYF1b_tXU MH8MJhxWptA
afbf96a1247a6b81607db7a042f8209c:191-191,ZdGUbgL4Cgw
afbf96a1247a6b81607db7a042f8209c:195-195,SZH07GcVpbE vfe5Vha_KUs bjIJtKBpWNk
afbf96a1247a6b81607db7a042f8209c:200-200,iIZRk9IME4Q
afbf96a1247a6b81607db7a042f8209c:205-205,aigDDevpL94 tFFuRtT3R_Y tZRhdqiy4bI 4bctfVLi-5w
afbf96a1247a6b81607db7a042f8209c:210-210,UT5skCx6Xcs
afbf96a1247a6b81607db7a042f8209c:225-225,prCWFzQr7pA Ncfs5Z6YYpc ySpo8BkWnvI zu1u0D4Uq-E k_7MsY3ywac yNRDDeN3H0o ld2pRnFdkuo 832NxQmIzuw FchYF1b_tXU MH8MJhxWptA
afbf96a1247a6b81607db7a042f8209c:242-242,wjaqk0e4zNY
afbf96a1247a6b81607db7a042f8209c:273-273,L5xaQyufPvk CtYpLEzj7d0 WlSh6svk5pg
afbf96a1247a6b81607db7a042f8209c:293-293,B9oOLSYdMFA Xzp8bUgD1lg
00bbcd87d1f235230377f2984e65bb1f:37-37,TAzGztltXik mbgQXJQSBgs rw5sKrMqiSA Sc1oDwqura4 MDoWDsXQebk ld2pRnFdkuo QzdEWx_PEBw
00bbcd87d1f235230377f2984e65bb1f:38-38,hUHvXpx-qRw gz87MBi_kjo 9qH2CC6kQ4w gvLz_M72T5U RP9Z_fWV8x0
00bbcd87d1f235230377f2984e65bb1f:39-39,B9oOLSYdMFA Xzp8bUgD1lg
00bbcd87d1f235230377f2984e65bb1f:49-49,wWBhZVgfTyk
00bbcd87d1f235230377f2984e65bb1f:54-54,uKsg70DyMQk XgXkLBIj2Kg 66qbB4tGXQM
00bbcd87d1f235230377f2984e65bb1f:57-57,GKixwWx6t-o
00bbcd87d1f235230377f2984e65bb1f:63-63,HnWgyf99eEk axLp7gYE5E8 2vWkVsBSCnk G_bcKbsOK4M
00bbcd87d1f235230377f2984e65bb1f:64-64,HnWgyf99eEk 8RqztGxb2_8 jYBucknKVBQ wXcEeoK5yRc pSxXPvsOj_M TjpDXdhgwMA 0ibCT28bJZw _lE2h7ApVxw 832NxQmIzuw FchYF1b_tXU
00bbcd87d1f235230377f2984e65bb1f:80-80,hUHvXpx-qRw wb7qeBhm9lw
101532009c808f8bacf40c8d59323465:3-3,3hdaYj58yas SDFmV2VD5Bk 9qH2CC6kQ4w tZRhdqiy4bI AUgjv88Cd0I RJwPKIIJS3E 1LQTgxoMfNE aTRqXfRDUZI Sl7RUoou0RA ld2pRnFdkuo elNdHhbcAlM qAIoSWNhK2U
101532009c808f8bacf40c8d59323465:14-14,qzwutayqRyY
101532009c808f8bacf40c8d59323465:69-69,3pMPOJHv7TA
101532009c808f8bacf40c8d59323465:85-85,tBF8ZEpEhUE
101532009c808f8bacf40c8d59323465:91-91,tBF8ZEpEhUE
101532009c808f8bacf40c8d59323465:92-92,eJp0w3T1rec
101532009c808f8bacf40c8d59323465:109-109,3NU1ShgSb_8
101532009c808f8bacf40c8d59323465:150-150,3pMPOJHv7TA
101532009c808f8bacf40c8d59323465:166-166,tBF8ZEpEhUE
101532009c808f8bacf40c8d59323465:172-172,tBF8ZEpEhUE
101532009c808f8bacf40c8d59323465:173-173,eJp0w3T1rec
101532009c808f8bacf40c8d59323465:185-185,eJp0w3T1rec
101532009c808f8bacf40c8d59323465:204-204,3hdaYj58yas SDFmV2VD5Bk 9qH2CC6kQ4w tZRhdqiy4bI AUgjv88Cd0I RJwPKIIJS3E 1LQTgxoMfNE aTRqXfRDUZI Sl7RUoou0RA ld2pRnFdkuo elNdHhbcAlM qAIoSWNhK2U
101532009c808f8bacf40c8d59323465:237-237,YSZ7md6TogU
101532009c808f8bacf40c8d59323465:258-258,qzwutayqRyY
101532009c808f8bacf40c8d59323465:272-272,RJwPKIIJS3E ld2pRnFdkuo qAIoSWNhK2U
101532009c808f8bacf40c8d59323465:275-275,3hdaYj58yas SDFmV2VD5Bk 9qH2CC6kQ4w tZRhdqiy4bI AUgjv88Cd0I RJwPKIIJS3E 1LQTgxoMfNE aTRqXfRDUZI Sl7RUoou0RA ld2pRnFdkuo elNdHhbcAlM qAIoSWNhK2U
101532009c808f8bacf40c8d59323465:284-284,Ncfs5Z6YYpc
101532009c808f8bacf40c8d59323465:314-314,tBF8ZEpEhUE
101532009c808f8bacf40c8d59323465:327-327,qAIoSWNhK2U
101532009c808f8bacf40c8d59323465:328-328,tBF8ZEpEhUE
101532009c808f8bacf40c8d59323465:334-334,V6g9J3RS4n0 uucuPuY49M8 sna03Y6gV4w FnJCwUSVt5E UT5skCx6Xcs KKqzfpoaomo QzdEWx_PEBw qAIoSWNhK2U
101532009c808f8bacf40c8d59323465:342-342,KGebVIgDDv0
101532009c808f8bacf40c8d59323465:352-352,Tby7ZukHVWI jsP3RTTgp6U 5sMGee8_n88 yNRDDeN3H0o 95EKLVICZ6w fpnfF-D_7Zs
101532009c808f8bacf40c8d59323465:379-379,3hdaYj58yas SDFmV2VD5Bk 9qH2CC6kQ4w tZRhdqiy4bI AUgjv88Cd0I RJwPKIIJS3E 1LQTgxoMfNE aTRqXfRDUZI Sl7RUoou0RA ld2pRnFdkuo elNdHhbcAlM qAIoSWNhK2U
101532009c808f8bacf40c8d59323465:381-381,3NU1ShgSb_8 qAIoSWNhK2U
101532009c808f8bacf40c8d59323465:433-433,ZBhh9Ugkf8c
101532009c808f8bacf40c8d59323465:458-458,3pMPOJHv7TA
101532009c808f8bacf40c8d59323465:475-475,iYuPPmWcwGA
101532009c808f8bacf40c8d59323465:509-509,3hdaYj58yas SDFmV2VD5Bk 9qH2CC6kQ4w tZRhdqiy4bI AUgjv88Cd0I RJwPKIIJS3E 1LQTgxoMfNE aTRqXfRDUZI Sl7RUoou0RA ld2pRnFdkuo elNdHhbcAlM qAIoSWNhK2U
101532009c808f8bacf40c8d59323465:511-511,3pMPOJHv7TA
101532009c808f8bacf40c8d59323465:516-516,3NU1ShgSb_8 qAIoSWNhK2U
101532009c808f8bacf40c8d59323465:549-549,3hdaYj58yas SDFmV2VD5Bk 9qH2CC6kQ4w tZRhdqiy4bI AUgjv88Cd0I RJwPKIIJS3E 1LQTgxoMfNE aTRqXfRDUZI Sl7RUoou0RA ld2pRnFdkuo elNdHhbcAlM qAIoSWNhK2U
101532009c808f8bacf40c8d59323465:623-623,3hdaYj58yas SDFmV2VD5Bk 9qH2CC6kQ4w tZRhdqiy4bI AUgjv88Cd0I RJwPKIIJS3E 1LQTgxoMfNE aTRqXfRDUZI Sl7RUoou0RA ld2pRnFdkuo elNdHhbcAlM qAIoSWNhK2U
101532009c808f8bacf40c8d59323465:630-630,0pIpemeXeyQ f560zyz3y8w RJwPKIIJS3E 1LQTgxoMfNE A3sEM9hMbqg
101532009c808f8bacf40c8d59323465:676-676,3hdaYj58yas SDFmV2VD5Bk 9qH2CC6kQ4w tZRhdqiy4bI AUgjv88Cd0I RJwPKIIJS3E 1LQTgxoMfNE aTRqXfRDUZI Sl7RUoou0RA ld2pRnFdkuo elNdHhbcAlM qAIoSWNhK2U
101532009c808f8bacf40c8d59323465:683-683,qS_nOhK3u1s kZMe0glPVQM D1trSdrJLaM
101532009c808f8bacf40c8d59323465:689-689,Ncfs5Z6YYpc
101532009c808f8bacf40c8d59323465:692-692,HnWgyf99eEk cFIpS-oLSYs
101532009c808f8bacf40c8d59323465:733-733,qzwutayqRyY
101532009c808f8bacf40c8d59323465:738-738,GKixwWx6t-o
30e5e7fec600f74edc2013511d79dda8:4-4,CJj6J75ji-Q
30e5e7fec600f74edc2013511d79dda8:21-21,RJwPKIIJS3E ld2pRnFdkuo qAIoSWNhK2U
30e5e7fec600f74edc2013511d79dda8:25-25,CJj6J75ji-Q
30e5e7fec600f74edc2013511d79dda8:28-28,dejHfE0i3gM
30e5e7fec600f74edc2013511d79dda8:29-29,Ncfs5Z6YYpc
30e5e7fec600f74edc2013511d79dda8:81-81,CJj6J75ji-Q
30e5e7fec600f74edc2013511d79dda8:90-90,ICt9EVyeYmU Xzp8bUgD1lg
30e5e7fec600f74edc2013511d79dda8:91-91,acRznnZ4AgQ L_rl0v0fFpk
30e5e7fec600f74edc2013511d79dda8:108-108,CJj6J75ji-Q
30e5e7fec600f74edc2013511d79dda8:113-113,VBCN6WfQMO4 3gLM0TD-Fxk UT5skCx6Xcs
30e5e7fec600f74edc2013511d79dda8:122-122,acRznnZ4AgQ L_rl0v0fFpk
30e5e7fec600f74edc2013511d79dda8:123-123,ICt9EVyeYmU Xzp8bUgD1lg
30e5e7fec600f74edc2013511d79dda8:137-137,qS_nOhK3u1s kZMe0glPVQM D1trSdrJLaM
30e5e7fec600f74edc2013511d79dda8:142-142,dejHfE0i3gM
30e5e7fec600f74edc2013511d79dda8:143-143,Ncfs5Z6YYpc
30e5e7fec600f74edc2013511d79dda8:146-146,HnWgyf99eEk cFIpS-oLSYs
30e5e7fec600f74edc2013511d79dda8:187-187,qzwutayqRyY
30e5e7fec600f74edc2013511d79dda8:192-192,GKixwWx6t-o
30e5e7fec600f74edc2013511d79dda8:262-262,dejHfE0i3gM
30e5e7fec600f74edc2013511d79dda8:266-266,3pMPOJHv7TA
30e5e7fec600f74edc2013511d79dda8:278-278,acRznnZ4AgQ L_rl0v0fFpk
9ff5a3eabf413fca4cc38553c376897e:16-16,81TdqLjiCUY AUZYj0Biq5A
9ff5a3eabf413fca4cc38553c376897e:18-18,YSZ7md6TogU
9ff5a3eabf413fca4cc38553c376897e:35-35,HVT4ow-TCb0 osonyeWwyBo
9ff5a3eabf413fca4cc38553c376897e:42-42,qS_nOhK3u1s kZMe0glPVQM D1trSdrJLaM
9ff5a3eabf413fca4cc38553c376897e:48-48,RJwPKIIJS3E ld2pRnFdkuo qAIoSWNhK2U
9ff5a3eabf413fca4cc38553c376897e:56-56,3pMPOJHv7TA
9ff5a3eabf413fca4cc38553c376897e:73-73,0pIpemeXeyQ f560zyz3y8w RJwPKIIJS3E 1LQTgxoMfNE A3sEM9hMbqg
9ff5a3eabf413fca4cc38553c376897e:84-84,miSQXpKq-NI As-1aa2GBBQ 1NCT6kwQg6E SCGxhDbAa1s
9ff5a3eabf413fca4cc38553c376897e:86-86,KEC9Nt4q51w
9ff5a3eabf413fca4cc38553c376897e:89-89,Tby7ZukHVWI jsP3RTTgp6U 5sMGee8_n88 yNRDDeN3H0o 95EKLVICZ6w fpnfF-D_7Zs
9ff5a3eabf413fca4cc38553c376897e:117-117,qS_nOhK3u1s kZMe0glPVQM D1trSdrJLaM
9ff5a3eabf413fca4cc38553c376897e:125-125,brnxodT1lt0
9ff5a3eabf413fca4cc38553c376897e:126-126,OxDtoiZJ4EU uKsg70DyMQk
9ff5a3eabf413fca4cc38553c376897e:127-127,5tcXP3qJ894
9ff5a3eabf413fca4cc38553c376897e:130-130,qDxYcmC4zZo xDtTalZUY84 keEpakVSU-Y XsvtHcRq36w uucuPuY49M8 xh9sKRI2VlQ rHnpakQGHrA QzJ1xg-ErWM FETWOpM-q80 txEmYt0go88 mdxsE-yu-CM qlLHmBULnIw GU9qOys9Iu0 CJj6J75ji-Q qTQ8rTPf5ic D1trSdrJLaM BnJ98athnbQ cTZq4m5WgQU 6o2CTdKRj68 bjIJtKBpWNk UT5skCx6Xcs
9ff5a3eabf413fca4cc38553c376897e:133-133,cYqRG6mWWlw
9ff5a3eabf413fca4cc38553c376897e:156-156,qS_nOhK3u1s kZMe0glPVQM D1trSdrJLaM
9ff5a3eabf413fca4cc38553c376897e:168-168,D1trSdrJLaM
9ff5a3eabf413fca4cc38553c376897e:172-172,wSBNpRWVgKA
9ff5a3eabf413fca4cc38553c376897e:173-173,acRznnZ4AgQ L_rl0v0fFpk
9ff5a3eabf413fca4cc38553c376897e:178-178,KEC9Nt4q51w
9ff5a3eabf413fca4cc38553c376897e:187-187,qS_nOhK3u1s kZMe0glPVQM D1trSdrJLaM
9ff5a3eabf413fca4cc38553c376897e:192-192,qDxYcmC4zZo xDtTalZUY84 keEpakVSU-Y XsvtHcRq36w uucuPuY49M8 xh9sKRI2VlQ rHnpakQGHrA QzJ1xg-ErWM FETWOpM-q80 txEmYt0go88 mdxsE-yu-CM qlLHmBULnIw GU9qOys9Iu0 CJj6J75ji-Q qTQ8rTPf5ic D1trSdrJLaM BnJ98athnbQ cTZq4m5WgQU 6o2CTdKRj68 bjIJtKBpWNk UT5skCx6Xcs
9ff5a3eabf413fca4cc38553c376897e:201-201,qS_nOhK3u1s kZMe0glPVQM D1trSdrJLaM
9ff5a3eabf413fca4cc38553c376897e:205-205,4o8OD09vcX0 MH8MJhxWptA
9ff5a3eabf413fca4cc38553c376897e:207-207,uKsg70DyMQk XgXkLBIj2Kg 66qbB4tGXQM
9ff5a3eabf413fca4cc38553c376897e:216-216,qS_nOhK3u1s kZMe0glPVQM D1trSdrJLaM
9ff5a3eabf413fca4cc38553c376897e:230-230,qS_nOhK3u1s kZMe0glPVQM D1trSdrJLaM
9ff5a3eabf413fca4cc38553c376897e:249-249,81TdqLjiCUY AUZYj0Biq5A
9ff5a3eabf413fca4cc38553c376897e:253-253,81TdqLjiCUY AUZYj0Biq5A
9ff5a3eabf413fca4cc38553c376897e:267-267,81TdqLjiCUY AUZYj0Biq5A
9ff5a3eabf413fca4cc38553c376897e:293-293,qS_nOhK3u1s kZMe0glPVQM D1trSdrJLaM
9ff5a3eabf413fca4cc38553c376897e:296-296,81TdqLjiCUY AUZYj0Biq5A
9ff5a3eabf413fca4cc38553c376897e:305-305,tr61XXLsuIY 9w9JChG9ER8
9ff5a3eabf413fca4cc38553c376897e:323-323,LclbTRuG4aM gvLz_M72T5U
9ff5a3eabf413fca4cc38553c376897e:330-330,dejHfE0i3gM
9ff5a3eabf413fca4cc38553c376897e:334-334,dejHfE0i3gM
9ff5a3eabf413fca4cc38553c376897e:339-339,HnWgyf99eEk cFIpS-oLSYs
9ff5a3eabf413fca4cc38553c376897e:345-345,HVT4ow-TCb0 osonyeWwyBo
9ff5a3eabf413fca4cc38553c376897e:396-396,dejHfE0i3gM
9ff5a3eabf413fca4cc38553c376897e:435-435,w5YnFp-MvQE 2vWkVsBSCnk xoRC98jMKpg ld2pRnFdkuo G_bcKbsOK4M
9ff5a3eabf413fca4cc38553c376897e:445-445,tFFuRtT3R_Y Sc1oDwqura4 RJwPKIIJS3E
b0b30c123f7891435f0561326b51bf31:4-4,lvAnlwaG5rI 6o2CTdKRj68
b0b30c123f7891435f0561326b51bf31:8-8,HnWgyf99eEk axLp7gYE5E8 2vWkVsBSCnk G_bcKbsOK4M
b0b30c123f7891435f0561326b51bf31:9-9,HnWgyf99eEk 8RqztGxb2_8 jYBucknKVBQ wXcEeoK5yRc pSxXPvsOj_M TjpDXdhgwMA 0ibCT28bJZw _lE2h7ApVxw 832NxQmIzuw FchYF1b_tXU
b0b30c123f7891435f0561326b51bf31:10-10,xvEZCInm6T4 oIqT7GvbbRU tr61XXLsuIY B9oOLSYdMFA TuYkPAYsl7A IDaehsNV_pA iYuPPmWcwGA gvLz_M72T5U RP9Z_fWV8x0
72d2364b370f1c7f2980c83603ba9278:24-24,qS_nOhK3u1s kZMe0glPVQM D1trSdrJLaM
72d2364b370f1c7f2980c83603ba9278:50-50,RJwPKIIJS3E ld2pRnFdkuo qAIoSWNhK2U
72d2364b370f1c7f2980c83603ba9278:52-52,ZuaQCM0LxTY rQ6YqnfHKAA
72d2364b370f1c7f2980c83603ba9278:61-61,r8-kvFhAVzM
72d2364b370f1c7f2980c83603ba9278:63-63,RJwPKIIJS3E ld2pRnFdkuo qAIoSWNhK2U
72d2364b370f1c7f2980c83603ba9278:67-67,r8-kvFhAVzM
72d2364b370f1c7f2980c83603ba9278:82-82,r8-kvFhAVzM
72d2364b370f1c7f2980c83603ba9278:104-104,r8-kvFhAVzM
72d2364b370f1c7f2980c83603ba9278:114-114,81TdqLjiCUY AUZYj0Biq5A
72d2364b370f1c7f2980c83603ba9278:119-119,qzwutayqRyY
72d2364b370f1c7f2980c83603ba9278:253-253,w5YnFp-MvQE 2vWkVsBSCnk xoRC98jMKpg ld2pRnFdkuo G_bcKbsOK4M
72d2364b370f1c7f2980c83603ba9278:276-276,qzwutayqRyY
5af9854e5f7d69f0828eea8a08567f5d:3-3,RJwPKIIJS3E ld2pRnFdkuo qAIoSWNhK2U
5af9854e5f7d69f0828eea8a08567f5d:6-6,bjIJtKBpWNk
5af9854e5f7d69f0828eea8a08567f5d:13-13,81TdqLjiCUY AUZYj0Biq5A
5af9854e5f7d69f0828eea8a08567f5d:17-17,RJwPKIIJS3E ld2pRnFdkuo qAIoSWNhK2U
5af9854e5f7d69f0828eea8a08567f5d:44-44,4o8OD09vcX0 RoMpdTSjfUA KKqzfpoaomo MTUxdK2fJq4 lvAnlwaG5rI cTZq4m5WgQU
5af9854e5f7d69f0828eea8a08567f5d:61-61,4o8OD09vcX0 RoMpdTSjfUA KKqzfpoaomo MTUxdK2fJq4 lvAnlwaG5rI cTZq4m5WgQU
5af9854e5f7d69f0828eea8a08567f5d:77-77,qS_nOhK3u1s kZMe0glPVQM D1trSdrJLaM
5af9854e5f7d69f0828eea8a08567f5d:86-86,Ncfs5Z6YYpc
5af9854e5f7d69f0828eea8a08567f5d:99-99,qS_nOhK3u1s kZMe0glPVQM D1trSdrJLaM
5af9854e5f7d69f0828eea8a08567f5d:116-116,qS_nOhK3u1s kZMe0glPVQM D1trSdrJLaM
5af9854e5f7d69f0828eea8a08567f5d:120-120,xDtTalZUY84 bA98MNYFNz8 gp2rsLWYjWc p5Q6SHRQAgc qIIQYKKpwFU ngYq6En-ClU pSxXPvsOj_M lAUI_-Gf2HQ TAzGztltXik hUCjFQo22gw Cg_8RLE0mpk ViPOQsky1Lc
5af9854e5f7d69f0828eea8a08567f5d:121-121,qIIQYKKpwFU
5af9854e5f7d69f0828eea8a08567f5d:131-131,qS_nOhK3u1s kZMe0glPVQM D1trSdrJLaM
5af9854e5f7d69f0828eea8a08567f5d:135-135,xDtTalZUY84 bA98MNYFNz8 gp2rsLWYjWc p5Q6SHRQAgc qIIQYKKpwFU ngYq6En-ClU pSxXPvsOj_M lAUI_-Gf2HQ TAzGztltXik hUCjFQo22gw Cg_8RLE0mpk ViPOQsky1Lc
5af9854e5f7d69f0828eea8a08567f5d:144-144,Ncfs5Z6YYpc
5af9854e5f7d69f0828eea8a08567f5d:157-157,qS_nOhK3u1s kZMe0glPVQM D1trSdrJLaM
5af9854e5f7d69f0828eea8a08567f5d:161-161,xDtTalZUY84 bA98MNYFNz8 gp2rsLWYjWc p5Q6SHRQAgc qIIQYKKpwFU ngYq6En-ClU pSxXPvsOj_M lAUI_-Gf2HQ TAzGztltXik hUCjFQo22gw Cg_8RLE0mpk ViPOQsky1Lc
5af9854e5f7d69f0828eea8a08567f5d:176-176,qS_nOhK3u1s kZMe0glPVQM D1trSdrJLaM
5af9854e5f7d69f0828eea8a08567f5d:182-182,77yDwfCzZAU D1rutC-A-l8 L_rl0v0fFpk
5af9854e5f7d69f0828eea8a08567f5d:188-188,Ncfs5Z6YYpc
5af9854e5f7d69f0828eea8a08567f5d:201-201,qS_nOhK3u1s kZMe0glPVQM D1trSdrJLaM
5af9854e5f7d69f0828eea8a08567f5d:205-205,xDtTalZUY84 bA98MNYFNz8 gp2rsLWYjWc p5Q6SHRQAgc qIIQYKKpwFU ngYq6En-ClU pSxXPvsOj_M lAUI_-Gf2HQ TAzGztltXik hUCjFQo22gw Cg_8RLE0mpk ViPOQsky1Lc
5af9854e5f7d69f0828eea8a08567f5d:216-216,qS_nOhK3u1s kZMe0glPVQM D1trSdrJLaM
5af9854e5f7d69f0828eea8a08567f5d:231-231,qS_nOhK3u1s kZMe0glPVQM D1trSdrJLaM
5af9854e5f7d69f0828eea8a08567f5d:245-245,qS_nOhK3u1s kZMe0glPVQM D1trSdrJLaM
5af9854e5f7d69f0828eea8a08567f5d:249-249,xDtTalZUY84 bA98MNYFNz8 gp2rsLWYjWc p5Q6SHRQAgc qIIQYKKpwFU ngYq6En-ClU pSxXPvsOj_M lAUI_-Gf2HQ TAzGztltXik hUCjFQo22gw Cg_8RLE0mpk ViPOQsky1Lc
5af9854e5f7d69f0828eea8a08567f5d:250-250,qIIQYKKpwFU
5af9854e5f7d69f0828eea8a08567f5d:252-252,b1XGjovk6pA 0MMRMVOhUj4 66qbB4tGXQM
5af9854e5f7d69f0828eea8a08567f5d:261-261,qS_nOhK3u1s kZMe0glPVQM D1trSdrJLaM
5af9854e5f7d69f0828eea8a08567f5d:277-277,Ncfs5Z6YYpc
5af9854e5f7d69f0828eea8a08567f5d:290-290,qS_nOhK3u1s kZMe0glPVQM D1trSdrJLaM
5af9854e5f7d69f0828eea8a08567f5d:294-294,VBCN6WfQMO4 3gLM0TD-Fxk UT5skCx6Xcs
5af9854e5f7d69f0828eea8a08567f5d:295-295,lWfb-j0yRyQ n_PiXf-08VQ nhlimIaxmDY ft98lKwEil4 X0-x0ojhFgg xDhNMX3AQu4
5af9854e5f7d69f0828eea8a08567f5d:303-303,Ncfs5Z6YYpc
5af9854e5f7d69f0828eea8a08567f5d:316-316,qS_nOhK3u1s kZMe0glPVQM D1trSdrJLaM
5af9854e5f7d69f0828eea8a08567f5d:328-328,Ncfs5Z6YYpc
5af9854e5f7d69f0828eea8a08567f5d:341-341,qS_nOhK3u1s kZMe0glPVQM D1trSdrJLaM
5af9854e5f7d69f0828eea8a08567f5d:348-348,QS3C1qurXtk cFIpS-oLSYs lPPMwFCcNKQ L8Ntsvaer1Y 5sMGee8_n88 A3tiQfOPwBU jsP3RTTgp6U
5af9854e5f7d69f0828eea8a08567f5d:358-358,qS_nOhK3u1s kZMe0glPVQM D1trSdrJLaM
5af9854e5f7d69f0828eea8a08567f5d:362-362,xDtTalZUY84 bA98MNYFNz8 gp2rsLWYjWc p5Q6SHRQAgc qIIQYKKpwFU ngYq6En-ClU pSxXPvsOj_M lAUI_-Gf2HQ TAzGztltXik hUCjFQo22gw Cg_8RLE0mpk ViPOQsky1Lc
5af9854e5f7d69f0828eea8a08567f5d:373-373,Ncfs5Z6YYpc
5af9854e5f7d69f0828eea8a08567f5d:388-388,qS_nOhK3u1s kZMe0glPVQM D1trSdrJLaM
5af9854e5f7d69f0828eea8a08567f5d:392-392,keEpakVSU-Y hrkqqg7NROM NVwCxnUTPMY cyuxCcyTeQ8 9QA1KxFgVFY FnJCwUSVt5E elNdHhbcAlM
5af9854e5f7d69f0828eea8a08567f5d:406-406,qS_nOhK3u1s kZMe0glPVQM D1trSdrJLaM
5af9854e5f7d69f0828eea8a08567f5d:424-424,qS_nOhK3u1s kZMe0glPVQM D1trSdrJLaM
5af9854e5f7d69f0828eea8a08567f5d:428-428,xDtTalZUY84 bA98MNYFNz8 gp2rsLWYjWc p5Q6SHRQAgc qIIQYKKpwFU ngYq6En-ClU pSxXPvsOj_M lAUI_-Gf2HQ TAzGztltXik hUCjFQo22gw Cg_8RLE0mpk ViPOQsky1Lc
5af9854e5f7d69f0828eea8a08567f5d:441-441,qS_nOhK3u1s kZMe0glPVQM D1trSdrJLaM
5af9854e5f7d69f0828eea8a08567f5d:458-458,qS_nOhK3u1s kZMe0glPVQM D1trSdrJLaM
5af9854e5f7d69f0828eea8a08567f5d:466-466,XYzDLJTw_fE tdr-kGChZC4 XxnHiSQItec 3F2dfJbvQP8 kHk3VQohHuM YYsFoxgUSoM
5af9854e5f7d69f0828eea8a08567f5d:471-471,Ncfs5Z6YYpc
5af9854e5f7d69f0828eea8a08567f5d:491-491,qS_nOhK3u1s kZMe0glPVQM D1trSdrJLaM
5af9854e5f7d69f0828eea8a08567f5d:496-496,xDtTalZUY84 bA98MNYFNz8 gp2rsLWYjWc p5Q6SHRQAgc qIIQYKKpwFU ngYq6En-ClU pSxXPvsOj_M lAUI_-Gf2HQ TAzGztltXik hUCjFQo22gw Cg_8RLE0mpk ViPOQsky1Lc
5af9854e5f7d69f0828eea8a08567f5d:497-497,qIIQYKKpwFU
5af9854e5f7d69f0828eea8a08567f5d:503-503,Ncfs5Z6YYpc
5af9854e5f7d69f0828eea8a08567f5d:516-516,qS_nOhK3u1s kZMe0glPVQM D1trSdrJLaM
5af9854e5f7d69f0828eea8a08567f5d:520-520,qIIQYKKpwFU
5af9854e5f7d69f0828eea8a08567f5d:525-525,0pIpemeXeyQ f560zyz3y8w RJwPKIIJS3E 1LQTgxoMfNE A3sEM9hMbqg
5af9854e5f7d69f0828eea8a08567f5d:533-533,qS_nOhK3u1s kZMe0glPVQM D1trSdrJLaM
5af9854e5f7d69f0828eea8a08567f5d:537-537,xDtTalZUY84 bA98MNYFNz8 gp2rsLWYjWc p5Q6SHRQAgc qIIQYKKpwFU ngYq6En-ClU pSxXPvsOj_M lAUI_-Gf2HQ TAzGztltXik hUCjFQo22gw Cg_8RLE0mpk ViPOQsky1Lc
5af9854e5f7d69f0828eea8a08567f5d:543-543,Ncfs5Z6YYpc
5af9854e5f7d69f0828eea8a08567f5d:559-559,qS_nOhK3u1s kZMe0glPVQM D1trSdrJLaM
5af9854e5f7d69f0828eea8a08567f5d:563-563,xDtTalZUY84 bA98MNYFNz8 gp2rsLWYjWc p5Q6SHRQAgc qIIQYKKpwFU ngYq6En-ClU pSxXPvsOj_M lAUI_-Gf2HQ TAzGztltXik hUCjFQo22gw Cg_8RLE0mpk ViPOQsky1Lc
5af9854e5f7d69f0828eea8a08567f5d:577-577,qS_nOhK3u1s kZMe0glPVQM D1trSdrJLaM
5af9854e5f7d69f0828eea8a08567f5d:584-584,keEpakVSU-Y hrkqqg7NROM NVwCxnUTPMY cyuxCcyTeQ8 9QA1KxFgVFY FnJCwUSVt5E elNdHhbcAlM
5af9854e5f7d69f0828eea8a08567f5d:586-586,b1XGjovk6pA TDPwjj9gKhY ovrtA_BImKA 9QA1KxFgVFY fPURjvm9hy0 rQ6YqnfHKAA hUCjFQo22gw L8Ntsvaer1Y PnJt0FTg0s4 w0BIUBNd_Eg
5af9854e5f7d69f0828eea8a08567f5d:594-594,qS_nOhK3u1s kZMe0glPVQM D1trSdrJLaM
5af9854e5f7d69f0828eea8a08567f5d:598-598,xDtTalZUY84 bA98MNYFNz8 gp2rsLWYjWc p5Q6SHRQAgc qIIQYKKpwFU ngYq6En-ClU pSxXPvsOj_M lAUI_-Gf2HQ TAzGztltXik hUCjFQo22gw Cg_8RLE0mpk ViPOQsky1Lc
5af9854e5f7d69f0828eea8a08567f5d:605-605,Ncfs5Z6YYpc
5af9854e5f7d69f0828eea8a08567f5d:620-620,qS_nOhK3u1s kZMe0glPVQM D1trSdrJLaM
5af9854e5f7d69f0828eea8a08567f5d:624-624,xDtTalZUY84 bA98MNYFNz8 gp2rsLWYjWc p5Q6SHRQAgc qIIQYKKpwFU ngYq6En-ClU pSxXPvsOj_M lAUI_-Gf2HQ TAzGztltXik hUCjFQo22gw Cg_8RLE0mpk ViPOQsky1Lc
5af9854e5f7d69f0828eea8a08567f5d:635-635,qS_nOhK3u1s kZMe0glPVQM D1trSdrJLaM
5af9854e5f7d69f0828eea8a08567f5d:639-639,qmGKsLcG1TU
5af9854e5f7d69f0828eea8a08567f5d:641-641,xDtTalZUY84 bA98MNYFNz8 gp2rsLWYjWc p5Q6SHRQAgc qIIQYKKpwFU ngYq6En-ClU pSxXPvsOj_M lAUI_-Gf2HQ TAzGztltXik hUCjFQo22gw Cg_8RLE0mpk ViPOQsky1Lc
5af9854e5f7d69f0828eea8a08567f5d:649-649,qS_nOhK3u1s kZMe0glPVQM D1trSdrJLaM
5af9854e5f7d69f0828eea8a08567f5d:662-662,Ncfs5Z6YYpc
5af9854e5f7d69f0828eea8a08567f5d:675-675,qS_nOhK3u1s kZMe0glPVQM D1trSdrJLaM
5af9854e5f7d69f0828eea8a08567f5d:687-687,Ncfs5Z6YYpc
5af9854e5f7d69f0828eea8a08567f5d:700-700,qS_nOhK3u1s kZMe0glPVQM D1trSdrJLaM
5af9854e5f7d69f0828eea8a08567f5d:708-708,Ncfs5Z6YYpc
5af9854e5f7d69f0828eea8a08567f5d:721-721,qS_nOhK3u1s kZMe0glPVQM D1trSdrJLaM
5af9854e5f7d69f0828eea8a08567f5d:725-725,ft98lKwEil4 ddytN1JR9AY 9QA1KxFgVFY hUCjFQo22gw F_s4XpZAhzo Xr9pSLiK1ww X0-x0ojhFgg
5af9854e5f7d69f0828eea8a08567f5d:726-726,qIIQYKKpwFU
5af9854e5f7d69f0828eea8a08567f5d:729-729,b1XGjovk6pA 0MMRMVOhUj4 66qbB4tGXQM
5af9854e5f7d69f0828eea8a08567f5d:732-732,ICt9EVyeYmU Xzp8bUgD1lg
5af9854e5f7d69f0828eea8a08567f5d:737-737,qS_nOhK3u1s kZMe0glPVQM D1trSdrJLaM
5af9854e5f7d69f0828eea8a08567f5d:752-752,qS_nOhK3u1s kZMe0glPVQM D1trSdrJLaM
5af9854e5f7d69f0828eea8a08567f5d:761-761,qDxYcmC4zZo xDtTalZUY84 keEpakVSU-Y XsvtHcRq36w uucuPuY49M8 xh9sKRI2VlQ rHnpakQGHrA QzJ1xg-ErWM FETWOpM-q80 txEmYt0go88 mdxsE-yu-CM qlLHmBULnIw GU9qOys9Iu0 CJj6J75ji-Q qTQ8rTPf5ic D1trSdrJLaM BnJ98athnbQ cTZq4m5WgQU 6o2CTdKRj68 bjIJtKBpWNk UT5skCx6Xcs
5af9854e5f7d69f0828eea8a08567f5d:762-762,xDtTalZUY84 bA98MNYFNz8 gp2rsLWYjWc p5Q6SHRQAgc qIIQYKKpwFU ngYq6En-ClU pSxXPvsOj_M lAUI_-Gf2HQ TAzGztltXik hUCjFQo22gw Cg_8RLE0mpk ViPOQsky1Lc
5af9854e5f7d69f0828eea8a08567f5d:763-763,qIIQYKKpwFU
5af9854e5f7d69f0828eea8a08567f5d:765-765,b1XGjovk6pA 0MMRMVOhUj4 66qbB4tGXQM
5af9854e5f7d69f0828eea8a08567f5d:767-767,eJN6c9reun0 DcuyeLmJSl4 _lE2h7ApVxw rgUlKlu8sKw hUCjFQo22gw Ppc3pZEcm40 ViPOQsky1Lc cTZq4m5WgQU osonyeWwyBo
5af9854e5f7d69f0828eea8a08567f5d:770-770,Ncfs5Z6YYpc
5af9854e5f7d69f0828eea8a08567f5d:783-783,qS_nOhK3u1s kZMe0glPVQM D1trSdrJLaM
5af9854e5f7d69f0828eea8a08567f5d:787-787,xDtTalZUY84 bA98MNYFNz8 gp2rsLWYjWc p5Q6SHRQAgc qIIQYKKpwFU ngYq6En-ClU pSxXPvsOj_M lAUI_-Gf2HQ TAzGztltXik hUCjFQo22gw Cg_8RLE0mpk ViPOQsky1Lc
5af9854e5f7d69f0828eea8a08567f5d:799-799,qS_nOhK3u1s kZMe0glPVQM D1trSdrJLaM
5af9854e5f7d69f0828eea8a08567f5d:803-803,xDtTalZUY84 bA98MNYFNz8 gp2rsLWYjWc p5Q6SHRQAgc qIIQYKKpwFU ngYq6En-ClU pSxXPvsOj_M lAUI_-Gf2HQ TAzGztltXik hUCjFQo22gw Cg_8RLE0mpk ViPOQsky1Lc
5af9854e5f7d69f0828eea8a08567f5d:804-804,qIIQYKKpwFU
5af9854e5f7d69f0828eea8a08567f5d:815-815,qS_nOhK3u1s kZMe0glPVQM D1trSdrJLaM
5af9854e5f7d69f0828eea8a08567f5d:819-819,xDtTalZUY84 bA98MNYFNz8 gp2rsLWYjWc p5Q6SHRQAgc qIIQYKKpwFU ngYq6En-ClU pSxXPvsOj_M lAUI_-Gf2HQ TAzGztltXik hUCjFQo22gw Cg_8RLE0mpk ViPOQsky1Lc
5af9854e5f7d69f0828eea8a08567f5d:821-821,-LEy3CGFBB4 XsvtHcRq36w FETWOpM-q80 DcuyeLmJSl4 txEmYt0go88 lvAnlwaG5rI Cg_8RLE0mpk
5af9854e5f7d69f0828eea8a08567f5d:829-829,qS_nOhK3u1s kZMe0glPVQM D1trSdrJLaM
5af9854e5f7d69f0828eea8a08567f5d:833-833,xDtTalZUY84 bA98MNYFNz8 gp2rsLWYjWc p5Q6SHRQAgc qIIQYKKpwFU ngYq6En-ClU pSxXPvsOj_M lAUI_-Gf2HQ TAzGztltXik hUCjFQo22gw Cg_8RLE0mpk ViPOQsky1Lc
5af9854e5f7d69f0828eea8a08567f5d:834-834,qIIQYKKpwFU
5af9854e5f7d69f0828eea8a08567f5d:836-836,b1XGjovk6pA 0MMRMVOhUj4 66qbB4tGXQM
5af9854e5f7d69f0828eea8a08567f5d:839-839,GIdvfbdlDbY 3L4SCUvCEMo ZBhh9Ugkf8c 5sMGee8_n88 zYtokVIMwjw O1p2YSLfK60 Kxv1WVAQ27E
5af9854e5f7d69f0828eea8a08567f5d:852-852,qS_nOhK3u1s kZMe0glPVQM D1trSdrJLaM
5af9854e5f7d69f0828eea8a08567f5d:856-856,qIIQYKKpwFU
5af9854e5f7d69f0828eea8a08567f5d:860-860,b5aZAb7XAlA
5af9854e5f7d69f0828eea8a08567f5d:866-866,qS_nOhK3u1s kZMe0glPVQM D1trSdrJLaM
5af9854e5f7d69f0828eea8a08567f5d:870-870,b5aZAb7XAlA
5af9854e5f7d69f0828eea8a08567f5d:882-882,qS_nOhK3u1s kZMe0glPVQM D1trSdrJLaM
5af9854e5f7d69f0828eea8a08567f5d:886-886,keEpakVSU-Y hrkqqg7NROM NVwCxnUTPMY cyuxCcyTeQ8 9QA1KxFgVFY FnJCwUSVt5E elNdHhbcAlM
5af9854e5f7d69f0828eea8a08567f5d:896-896,qS_nOhK3u1s kZMe0glPVQM D1trSdrJLaM
5af9854e5f7d69f0828eea8a08567f5d:900-900,xDtTalZUY84 bA98MNYFNz8 gp2rsLWYjWc p5Q6SHRQAgc qIIQYKKpwFU ngYq6En-ClU pSxXPvsOj_M lAUI_-Gf2HQ TAzGztltXik hUCjFQo22gw Cg_8RLE0mpk ViPOQsky1Lc
5af9854e5f7d69f0828eea8a08567f5d:902-902,0pIpemeXeyQ f560zyz3y8w RJwPKIIJS3E 1LQTgxoMfNE A3sEM9hMbqg
5af9854e5f7d69f0828eea8a08567f5d:910-910,qS_nOhK3u1s kZMe0glPVQM D1trSdrJLaM
5af9854e5f7d69f0828eea8a08567f5d:931-931,qS_nOhK3u1s kZMe0glPVQM D1trSdrJLaM
5af9854e5f7d69f0828eea8a08567f5d:937-937,XYzDLJTw_fE tdr-kGChZC4 XxnHiSQItec 3F2dfJbvQP8 kHk3VQohHuM YYsFoxgUSoM
5af9854e5f7d69f0828eea8a08567f5d:947-947,Ncfs5Z6YYpc
5af9854e5f7d69f0828eea8a08567f5d:960-960,qS_nOhK3u1s kZMe0glPVQM D1trSdrJLaM
5af9854e5f7d69f0828eea8a08567f5d:964-964,kCvBvPr7REw YuGwBnkEURQ tr61XXLsuIY B9oOLSYdMFA yb9bDUxKGVU n-LzknVJpUA tLAZWVcdypY aTRqXfRDUZI iYuPPmWcwGA
5af9854e5f7d69f0828eea8a08567f5d:965-965,kCvBvPr7REw YuGwBnkEURQ tr61XXLsuIY yb9bDUxKGVU n-LzknVJpUA aTRqXfRDUZI
5af9854e5f7d69f0828eea8a08567f5d:974-974,qS_nOhK3u1s kZMe0glPVQM D1trSdrJLaM
5af9854e5f7d69f0828eea8a08567f5d:978-978,xDtTalZUY84 bA98MNYFNz8 gp2rsLWYjWc p5Q6SHRQAgc qIIQYKKpwFU ngYq6En-ClU pSxXPvsOj_M lAUI_-Gf2HQ TAzGztltXik hUCjFQo22gw Cg_8RLE0mpk ViPOQsky1Lc
5af9854e5f7d69f0828eea8a08567f5d:979-979,qIIQYKKpwFU
5af9854e5f7d69f0828eea8a08567f5d:981-981,QS3C1qurXtk cFIpS-oLSYs lPPMwFCcNKQ L8Ntsvaer1Y 5sMGee8_n88 A3tiQfOPwBU jsP3RTTgp6U
5af9854e5f7d69f0828eea8a08567f5d:984-984,Ncfs5Z6YYpc
5af9854e5f7d69f0828eea8a08567f5d:997-997,qS_nOhK3u1s kZMe0glPVQM D1trSdrJLaM
5af9854e5f7d69f0828eea8a08567f5d:1008-1008,Ncfs5Z6YYpc
5af9854e5f7d69f0828eea8a08567f5d:1023-1023,qS_nOhK3u1s kZMe0glPVQM D1trSdrJLaM
5af9854e5f7d69f0828eea8a08567f5d:1027-1027,xDtTalZUY84 bA98MNYFNz8 gp2rsLWYjWc p5Q6SHRQAgc qIIQYKKpwFU ngYq6En-ClU pSxXPvsOj_M lAUI_-Gf2HQ TAzGztltXik hUCjFQo22gw Cg_8RLE0mpk ViPOQsky1Lc
5af9854e5f7d69f0828eea8a08567f5d:1031-1031,Ncfs5Z6YYpc
5af9854e5f7d69f0828eea8a08567f5d:1044-1044,qS_nOhK3u1s kZMe0glPVQM D1trSdrJLaM
5af9854e5f7d69f0828eea8a08567f5d:1049-1049,qIIQYKKpwFU
5af9854e5f7d69f0828eea8a08567f5d:1061-1061,qS_nOhK3u1s kZMe0glPVQM D1trSdrJLaM
5af9854e5f7d69f0828eea8a08567f5d:1077-1077,A3tiQfOPwBU
5af9854e5f7d69f0828eea8a08567f5d:1082-1082,HVT4ow-TCb0 osonyeWwyBo
5af9854e5f7d69f0828eea8a08567f5d:1101-1101,Ncfs5Z6YYpc
5af9854e5f7d69f0828eea8a08567f5d:1106-1106,Ncfs5Z6YYpc
5af9854e5f7d69f0828eea8a08567f5d:1123-1123,xDtTalZUY84 bA98MNYFNz8 gp2rsLWYjWc p5Q6SHRQAgc qIIQYKKpwFU ngYq6En-ClU pSxXPvsOj_M lAUI_-Gf2HQ TAzGztltXik hUCjFQo22gw Cg_8RLE0mpk ViPOQsky1Lc
5af9854e5f7d69f0828eea8a08567f5d:1124-1124,-RxIQLaVqXA SZH07GcVpbE u0yRwkJseZQ vfe5Vha_KUs B9oOLSYdMFA HvYg-QBuSYU z5_OxQIMWO4
5af9854e5f7d69f0828eea8a08567f5d:1125-1125,HnWgyf99eEk tZRhdqiy4bI Xr9pSLiK1ww
5af9854e5f7d69f0828eea8a08567f5d:1128-1128,ZuaQCM0LxTY rQ6YqnfHKAA
5af9854e5f7d69f0828eea8a08567f5d:1140-1140,xDtTalZUY84 bA98MNYFNz8 gp2rsLWYjWc p5Q6SHRQAgc qIIQYKKpwFU ngYq6En-ClU pSxXPvsOj_M lAUI_-Gf2HQ TAzGztltXik hUCjFQo22gw Cg_8RLE0mpk ViPOQsky1Lc
5af9854e5f7d69f0828eea8a08567f5d:1149-1149,qS_nOhK3u1s kZMe0glPVQM D1trSdrJLaM
5af9854e5f7d69f0828eea8a08567f5d:1169-1169,dejHfE0i3gM
5af9854e5f7d69f0828eea8a08567f5d:1189-1189,-LEy3CGFBB4 XsvtHcRq36w FETWOpM-q80 DcuyeLmJSl4 txEmYt0go88 lvAnlwaG5rI Cg_8RLE0mpk
5af9854e5f7d69f0828eea8a08567f5d:1197-1197,-LEy3CGFBB4 XsvtHcRq36w FETWOpM-q80 DcuyeLmJSl4 txEmYt0go88 lvAnlwaG5rI Cg_8RLE0mpk
5af9854e5f7d69f0828eea8a08567f5d:1204-1204,b5aZAb7XAlA
5af9854e5f7d69f0828eea8a08567f5d:1209-1209,xh9sKRI2VlQ zAwZGCQjPz0 n_PiXf-08VQ HZAdsih_xgo RJwPKIIJS3E cTZq4m5WgQU QzdEWx_PEBw
5af9854e5f7d69f0828eea8a08567f5d:1226-1226,CJj6J75ji-Q
5af9854e5f7d69f0828eea8a08567f5d:1228-1228,CJj6J75ji-Q
5af9854e5f7d69f0828eea8a08567f5d:1261-1261,TAzGztltXik hUCjFQo22gw Cg_8RLE0mpk
5af9854e5f7d69f0828eea8a08567f5d:1275-1275,CEZZ6Axq8aA
5af9854e5f7d69f0828eea8a08567f5d:1327-1327,5tcXP3qJ894
5af9854e5f7d69f0828eea8a08567f5d:1329-1329,ogzJbKZg4rE 9uYJRxJklCw p5Q6SHRQAgc TqKRTX9MnwU T4hmigh-5qk GclMYVHpGNg RoMpdTSjfUA Cg_8RLE0mpk zYtokVIMwjw mvPZXBgNhZ0 O1p2YSLfK60 R4QTgH6GIhw 8DyM_azbO10 r_DUiQ6CA5I
5af9854e5f7d69f0828eea8a08567f5d:1341-1341,sJRVxWtgbsk 3NU1ShgSb_8
5af9854e5f7d69f0828eea8a08567f5d:1342-1342,uKsg70DyMQk XgXkLBIj2Kg 66qbB4tGXQM
5af9854e5f7d69f0828eea8a08567f5d:1371-1371,qDxYcmC4zZo xDtTalZUY84 keEpakVSU-Y XsvtHcRq36w uucuPuY49M8 xh9sKRI2VlQ rHnpakQGHrA QzJ1xg-ErWM FETWOpM-q80 txEmYt0go88 mdxsE-yu-CM qlLHmBULnIw GU9qOys9Iu0 CJj6J75ji-Q qTQ8rTPf5ic D1trSdrJLaM BnJ98athnbQ cTZq4m5WgQU 6o2CTdKRj68 bjIJtKBpWNk UT5skCx6Xcs
5af9854e5f7d69f0828eea8a08567f5d:1389-1389,-LEy3CGFBB4 XsvtHcRq36w FETWOpM-q80 DcuyeLmJSl4 txEmYt0go88 lvAnlwaG5rI Cg_8RLE0mpk
5af9854e5f7d69f0828eea8a08567f5d:1396-1396,-LEy3CGFBB4 XsvtHcRq36w FETWOpM-q80 DcuyeLmJSl4 txEmYt0go88 lvAnlwaG5rI Cg_8RLE0mpk
5af9854e5f7d69f0828eea8a08567f5d:1413-1413,3pMPOJHv7TA
5af9854e5f7d69f0828eea8a08567f5d:1414-1414,-RxIQLaVqXA SZH07GcVpbE u0yRwkJseZQ vfe5Vha_KUs B9oOLSYdMFA HvYg-QBuSYU z5_OxQIMWO4
5af9854e5f7d69f0828eea8a08567f5d:1464-1464,dejHfE0i3gM
5af9854e5f7d69f0828eea8a08567f5d:1468-1468,dejHfE0i3gM
5af9854e5f7d69f0828eea8a08567f5d:1471-1471,HnWgyf99eEk cFIpS-oLSYs
5af9854e5f7d69f0828eea8a08567f5d:1476-1476,dejHfE0i3gM
5af9854e5f7d69f0828eea8a08567f5d:1479-1479,HnWgyf99eEk cFIpS-oLSYs
5af9854e5f7d69f0828eea8a08567f5d:1485-1485,dejHfE0i3gM
5af9854e5f7d69f0828eea8a08567f5d:1570-1570,dejHfE0i3gM
5af9854e5f7d69f0828eea8a08567f5d:1609-1609,w5YnFp-MvQE 2vWkVsBSCnk xoRC98jMKpg ld2pRnFdkuo G_bcKbsOK4M
5af9854e5f7d69f0828eea8a08567f5d:1619-1619,tFFuRtT3R_Y Sc1oDwqura4 RJwPKIIJS3E
